Chromosome,Start,Invert
chrI,147806,N
chrII,235228,N
chrIII,101301,N
chrIV,440767,N
chrV,145845,N
chrVI,143961,N
chrVII,489446,N
chrVIII,100445,N
chrIX,350183,N
chrX,431178,N
chrXI,432938,N
chrXII,134084,N
chrXIII,256267,N
chrXIV,616470,N
chrXV,321621,N
chrXVI,550434,N
chrI,160211,Y
chrII,244311,Y
chrIII,131101,Y
chrIV,456742,Y
chrV,166000,Y
chrVI,154425,Y
chrVII,504623,Y
chrVIII,109984,Y
chrIX,365766,Y
chrX,440892,Y
chrXI,446723,Y
chrXII,161639,Y
chrXIII,279763,Y
chrXIV,644043,Y
chrXV,334818,Y
chrXVI,560618,Y
